start,error_mean
1.403715894184058e+18,0.00011482686203331149
1.403715894234058e+18,0.33526059327525215
1.403715894284058e+18,0.34263865486721445
1.403715894334058e+18,0.37181495491383576
1.403715894384058e+18,0.4020262960844293
1.403715894434058e+18,0.00024686431300300515
1.403715894484058e+18,0.2930851104265367
1.403715894534058e+18,0.13710579811311827
1.403715894584058e+18,0.11929415692653698
1.403715894634058e+18,0.2693158710718619
1.403715894684058e+18,0.00043066846997933083
1.403715894734058e+18,0.007929431422853657
1.403715894784058e+18,0.014260075468735828
1.403715894834058e+18,0.021457260108739214
1.403715894884058e+18,0.0209999154220908
1.403715894934058e+18,0.0012182683146000298
1.403715894984058e+18,0.010628598775942372
1.403715895034058e+18,0.011811473481070619
1.403715895084058e+18,0.007995952624228048
1.403715895134058e+18,0.011498866371029379
1.403715895184058e+18,0.009294768700122817
1.403715895234058e+18,0.011198542790778159
1.403715895284058e+18,0.023490657332052314
1.403715895334058e+18,0.02320727392100475
1.403715895384058e+18,0.02682319817056665
1.403715895434058e+18,0.0025004542402003935
1.403715895484058e+18,0.019885023177943644
1.403715895534058e+18,0.033849762689010986
1.403715895584058e+18,0.055580073915589154
1.403715895634058e+18,0.01474038545437977
1.403715895684058e+18,0.010970153278414175
1.403715895734058e+18,0.014375865234822375
1.403715895784058e+18,0.030067512606211405
1.403715895834058e+18,0.04232684383919111
1.403715895884058e+18,0.07103247085553935
1.403715895934058e+18,0.021530457020176266
1.403715895984058e+18,0.027707141787070476
1.403715896034058e+18,0.04552082321444003
1.403715896084058e+18,0.0785025010282641
1.403715896134058e+18,0.03905684981931752
1.403715896184058e+18,0.03999024708039706
1.403715896234058e+18,0.00711535054088999
1.403715896284058e+18,0.0010836750649898504
1.403715896334058e+18,0.003953535912335731
1.403715896384058e+18,0.018781031966791154
1.403715896434058e+18,0.008866167361495978
1.403715896484058e+18,0.005010270025104741
1.403715896534058e+18,0.022836592029807125
1.403715896584058e+18,0.03894979658039427
1.403715896634058e+18,0.01601715382588782
1.403715896684058e+18,0.016515682225008516
1.403715896734058e+18,0.02132579755583591
1.403715896784058e+18,0.00240427070939113
1.403715896834058e+18,0.002824700759932178
1.403715896884058e+18,0.030850191575552716
1.403715896934058e+18,0.019599814045246827
1.403715896984058e+18,0.024016021830193707
1.403715897034058e+18,0.030883987802087492
1.403715897084058e+18,0.03079959772305621
1.403715897134058e+18,0.03002667831671396
1.403715897184058e+18,0.002350227458594854
1.403715897234058e+18,0.0035981119936296653
1.403715897284058e+18,0.018278016993336945
1.403715897334058e+18,0.005623486742839
1.403715897384058e+18,0.018938919407280982
1.403715897434058e+18,0.015921036825268804
1.403715897484058e+18,0.007999842948214363
1.403715897534058e+18,0.008781659182344522
1.403715897584058e+18,0.007009859698835848
1.403715897634058e+18,0.0043789736874882065
1.403715897684058e+18,0.002536561472819314
1.403715897734058e+18,0.0032550328158667853
1.403715897784058e+18,0.018067446093400875
1.403715897834058e+18,0.00687880880062204
1.403715897884058e+18,0.01076238316627064
1.403715897934058e+18,0.0174930470157662
1.403715897984058e+18,0.012844555836539292
1.403715898034058e+18,0.007091184749696465
1.403715898084058e+18,0.006453136658386868
1.403715898134058e+18,0.004951779632411336
1.403715898184058e+18,0.006314990991936117
1.403715898234058e+18,0.004662857578775479
1.403715898284058e+18,0.006632781693408763
1.403715898334058e+18,0.0019640371851740845
1.403715898384058e+18,0.005158461611733437
1.403715898434058e+18,0.003199577608231634
1.403715898484058e+18,0.0022217170598717983
1.403715898534058e+18,0.0015917281115079903
1.403715898584058e+18,0.019255515985180233
1.403715898634058e+18,0.006655042749247306
1.403715898684058e+18,0.004565308274093134
1.403715898734058e+18,0.006245636833304981
1.403715898784058e+18,0.010827103188043918
1.403715898834058e+18,0.0015915213726662636
1.403715898884058e+18,0.00536469455030987
1.403715898934058e+18,0.009992257811571504
1.403715898984058e+18,0.004700545588108808
1.403715899034058e+18,0.006055952890656736
1.403715899084058e+18,0.025286843602129606
1.403715899134058e+18,0.016123019295332282
1.403715899184058e+18,0.00949513581458288
1.403715899234058e+18,0.0041040915065103135
1.403715899284058e+18,0.007480485289928897
1.403715899334058e+18,0.0026012429594426435
1.403715899384058e+18,0.006950777548019354
1.403715899434058e+18,0.0022067693026224006
1.403715899484058e+18,0.0026763149847149523
1.403715899534058e+18,0.002815820537571561
1.403715899584058e+18,0.001069646602785033
1.403715899634058e+18,0.014315579671882826
1.403715899684058e+18,0.001932158586137323
1.403715899734058e+18,0.0028677403014455622
1.403715899784058e+18,0.0036306765976266493
1.403715899834058e+18,0.0028070697955244646
1.403715899884058e+18,0.0030356231157110955
1.403715899934058e+18,0.0024252881143393694
1.403715899984058e+18,0.001295503889408953
1.403715900034058e+18,0.0036146036799139694
1.403715900084058e+18,0.0031450924808157058
1.403715900134058e+18,0.005102650297823589
1.403715900184058e+18,0.0032871143112844226
1.403715900234058e+18,0.007059717684696876
1.403715900284058e+18,0.005539099843527309
1.403715900334058e+18,0.002085337601635729
1.403715900384058e+18,0.0011105693022820469
1.403715900434058e+18,0.002082099996275138
1.403715900484058e+18,0.001970011351907049
1.403715900534058e+18,0.00196087233082628
1.403715900584058e+18,0.0014290619289182164
1.403715900634058e+18,0.0016514345027362398
1.403715900684058e+18,0.0012932616811509561
1.403715900734058e+18,0.0024861861057305
1.403715900784058e+18,0.0016269114041449625
1.403715900834058e+18,0.003284567676314307
1.403715900884058e+18,0.0038705204032062164
1.403715900934058e+18,0.0010418181444516678
1.403715900984058e+18,0.0009709038925177596
1.403715901034058e+18,0.002145678183877512
1.403715901084058e+18,0.002225698299978827
1.403715901134058e+18,0.00130477634935181
1.403715901184058e+18,0.0020183027240546934
1.403715901234058e+18,0.0038460384290553117
1.403715901284058e+18,0.0006547546324288177
1.403715901334058e+18,0.0024262278003635523
1.403715901384058e+18,0.0028612306647030103
1.403715901434058e+18,0.0007075514372360351
1.403715901484058e+18,0.0012603016191441287
1.403715901534058e+18,0.0021928286590112735
1.403715901584058e+18,0.0016052531882490722
1.403715901634058e+18,0.0017004014716162287
1.403715901684058e+18,0.0016794867860095777
1.403715901734058e+18,0.0013321490987466098
1.403715901784058e+18,0.00212312731111053
1.403715901834058e+18,0.0022667184876546172
1.403715901884058e+18,0.0026162786435757054
1.403715901934058e+18,0.004665615839823648
1.403715901984058e+18,0.005448121819888267
1.403715902034058e+18,0.000660345752296653
1.403715902084058e+18,0.0007584947415878715
1.403715902134058e+18,0.0020367674821620855
1.403715902184058e+18,0.0021328722991570295
1.403715902234058e+18,0.00526575056748959
1.403715902284058e+18,0.004683168066644265
1.403715902334058e+18,0.006303381581176446
1.403715902384058e+18,0.005729581767484307
1.403715902434058e+18,0.009218578582823784
1.403715902484058e+18,0.008078304859355937
1.403715902534058e+18,0.0027926351575383104
1.403715902584058e+18,0.007404206046326828
1.403715902634058e+18,0.0052243385111748674
1.403715902684058e+18,0.0056009666862142735
1.403715902734058e+18,0.004931521456992818
1.403715902784058e+18,0.005087324182671214
1.403715902834058e+18,0.004429113088457612
1.403715902884058e+18,0.0015046165975483477
1.403715902934058e+18,0.0024114350982284024
1.403715902984058e+18,0.0012017704992655423
1.403715903034058e+18,0.003794557352238943
1.403715903084058e+18,0.003481362196594868
1.403715903134058e+18,0.0038298682481784662
1.403715903184058e+18,0.002061981213666688
1.403715903234058e+18,0.004654847248739546
1.403715903284058e+18,0.0036947700131520073
1.403715903334058e+18,0.005553024480415348
1.403715903384058e+18,0.00544403832193259
1.403715903434058e+18,0.004865317038207873
1.403715903484058e+18,0.0058850945746961566
1.403715903534058e+18,0.0013145517393459898
1.403715903584058e+18,0.003594390300613239
1.403715903634058e+18,0.0034388367186700785
1.403715903684058e+18,0.0017944994760899986
1.403715903734058e+18,0.001544345562436644
1.403715903784058e+18,0.0025152754677910394
1.403715903834058e+18,0.001313804626701866
1.403715903884058e+18,0.002751535708260028
1.403715903934058e+18,0.006160684556623935
1.403715903984058e+18,0.003851395822450552
1.403715904034058e+18,0.0021908956443002173
1.403715904084058e+18,0.002105542224052184
1.403715904134058e+18,0.003362077375228456
1.403715904184058e+18,0.0036799789197892335
1.403715904234058e+18,0.002881651414900786
1.403715904284058e+18,0.008041549525189148
1.403715904334058e+18,0.0049567431029480585
1.403715904384058e+18,0.003092851351094438
1.403715904434058e+18,0.0099535222292036
1.403715904484058e+18,0.010165261775426777
1.403715904534058e+18,0.004052143728718753
1.403715904584058e+18,0.005976320080122715
1.403715904634058e+18,0.007285029199361259
1.403715904684058e+18,0.0014487520474779554
1.403715904734058e+18,0.010663296581149688
1.403715904784058e+18,0.005773595245166823
1.403715904834058e+18,0.005126310935288697
1.403715904884058e+18,0.002944350098970257
1.403715904934058e+18,0.013102086238894885
1.403715904984058e+18,0.010607092191374177
1.403715905034058e+18,0.003084860701566468
1.403715905084058e+18,0.0031521940927216165
1.403715905134058e+18,0.0061902546779360945
1.403715905184058e+18,0.0029951840672091798
1.403715905234058e+18,0.007729920374229323
1.403715905284058e+18,0.005780699119338042
1.403715905334058e+18,0.006130449078947782
1.403715905384058e+18,0.003550986156368585
1.403715905434058e+18,0.007351266401667282
1.403715905484058e+18,0.004565933471352728
1.403715905534058e+18,0.00623095006578311
1.403715905584058e+18,0.004177259085505215
1.403715905634058e+18,0.005293287931953918
1.403715905684058e+18,0.002942814511109902
1.403715905734058e+18,0.001706595536079351
1.403715905784058e+18,0.0019736150162828698
1.403715905834058e+18,0.001404898827559819
1.403715905884058e+18,0.035215662816802454
1.403715905934058e+18,0.005471734790197807
1.403715905984058e+18,0.004688276977658879
1.403715906034058e+18,0.0062340453812760755
1.403715906084058e+18,0.004576244886921838
1.403715906134058e+18,0.003939423022157548
1.403715906184058e+18,0.009914307792160057
1.403715906234058e+18,0.005807722280054123
1.403715906284058e+18,0.005680765207557423
1.403715906334058e+18,0.006098422867765407
1.403715906384058e+18,0.034822169914453874
1.403715906434058e+18,0.009773725825092863
1.403715906484058e+18,0.002901546896946959
1.403715906534058e+18,0.008534129425907401
1.403715906584058e+18,0.00490863589833181
1.403715906634058e+18,0.0024747493513842737
1.403715906684058e+18,0.0035770779901623585
1.403715906734058e+18,0.018767796440084524
1.403715906784058e+18,0.021967428122196656
1.403715906834058e+18,0.017803793688197473
1.403715906884058e+18,0.02142542677421781
1.403715906934058e+18,0.017891533612998955
1.403715906984058e+18,0.009054660341138122
1.403715907034058e+18,0.01206024622275881
1.403715907084058e+18,0.00320434674749582
1.403715907134058e+18,0.006463515570361529
1.403715907184058e+18,0.013688478951292313
1.403715907234058e+18,0.029625110803467865
1.403715907284058e+18,0.01754749167701318
1.403715907334058e+18,0.012844614596111302
1.403715907384058e+18,0.01231925250802307
1.403715907434058e+18,0.010171970089731544
1.403715907484058e+18,0.00771947207911215
1.403715907534058e+18,0.002538978794458434
1.403715907584058e+18,0.009244020673873055
1.403715907634058e+18,0.008442672180041237
1.403715907684058e+18,0.013584487854210955
1.403715907734058e+18,0.014646585806600882
1.403715907784058e+18,0.002272539570293016
1.403715907834058e+18,0.00410071214121712
1.403715907884058e+18,0.00479497624782962
1.403715907934058e+18,0.0073714270289606774
1.403715907984058e+18,0.007925124119853352
1.403715908034058e+18,0.007633232113158418
1.403715908084058e+18,0.00884019578878516
1.403715908134058e+18,0.00299700492376698
1.403715908184058e+18,0.02774243278077228
1.403715908234058e+18,0.020833224959895084
1.403715908284058e+18,0.0022662409827417357
1.403715908334058e+18,0.005435077618993251
1.403715908384058e+18,0.006551923547922341
1.403715908434058e+18,0.0050312910900769114
1.403715908484058e+18,0.0034637202792865925
1.403715908534058e+18,0.004159835047423918
1.403715908584058e+18,0.014076769452749334
1.403715908634058e+18,0.008820789057868645
1.403715908684058e+18,0.019133057512227172
1.403715908734058e+18,0.02099095615298581
1.403715908784058e+18,0.0016418658024863106
1.403715908834058e+18,0.004157656516376088
1.403715908884058e+18,0.009090698740776825
1.403715908934058e+18,0.004729824464566997
1.403715908984058e+18,0.009865680246397866
1.403715909034058e+18,0.006943249399366725
1.403715909084058e+18,0.012115482835796505
1.403715909134058e+18,0.011839960279793291
1.403715909184058e+18,0.01048736518363639
1.403715909234058e+18,0.004548421225410798
1.403715909284058e+18,0.039522303165291615
1.403715909334058e+18,0.05537587089271084
1.403715909384058e+18,0.061668967488169635
1.403715909434058e+18,0.00484856091250754
1.403715909484058e+18,0.0043382584740068245
1.403715909534058e+18,0.00720395979940482
1.403715909584058e+18,0.004564180683502221
1.403715909634058e+18,0.005499448213186928
1.403715909684058e+18,0.006194778253094522
1.403715909734058e+18,0.005871053949833478
1.403715909784058e+18,0.043351349177426536
1.403715909834058e+18,0.060626091810976133
1.403715909884058e+18,0.06114606441562274
1.403715909934058e+18,0.0049735549770493215
1.403715909984058e+18,0.002378905655822205
1.403715910034058e+18,0.009523353327783151
1.403715910084058e+18,0.0078076429730148484
1.403715910134058e+18,0.0030286398874793297
1.403715910184058e+18,0.003131728623195168
1.403715910234058e+18,0.007517016727040221
1.403715910284058e+18,0.004158030132628344
1.403715910334058e+18,0.005291423421488758
1.403715910384058e+18,0.006672673784356553
1.403715910434058e+18,0.002451981783376027
1.403715910484058e+18,0.0029675262356373224
1.403715910534058e+18,0.003284019222452163
1.403715910584058e+18,0.004794337802997735
1.403715910634058e+18,0.003141190116041116
1.403715910684058e+18,0.0027013451176490897
1.403715910734058e+18,0.0055664828746228795
1.403715910784058e+18,0.0033862208648031745
1.403715910834058e+18,0.0016275256186359442
1.403715910884058e+18,0.005514425791937954
1.403715910934058e+18,0.0042861599225572375
1.403715910984058e+18,0.001039670429670005
1.403715911034058e+18,0.0045803899099953645
1.403715911084058e+18,0.0040565871424650376
1.403715911134058e+18,0.0019792380072503764
1.403715911184058e+18,0.006078825164123312
1.403715911234058e+18,0.004356469563181608
1.403715911284058e+18,0.0030806040812198943
1.403715911334058e+18,0.007725814671630051
1.403715911384058e+18,0.004042326630766917
1.403715911434058e+18,0.00451352952474581
1.403715911484058e+18,0.008154303223200245
1.403715911534058e+18,0.003019065459446862
1.403715911584058e+18,0.004761431811765298
1.403715911634058e+18,0.00994904306614308
1.403715911684058e+18,0.0031358294977853985
1.403715911734058e+18,0.009331372697237139
1.403715911784058e+18,0.010533431631491728
1.403715911834058e+18,0.0025554418509819345
1.403715911884058e+18,0.005113241438228929
1.403715911934058e+18,0.010364619523866898
1.403715911984058e+18,0.0024240971700466157
1.403715912034058e+18,0.002012719702480734
1.403715912084058e+18,0.008414633262705163
1.403715912134058e+18,0.0012401072293326961
1.403715912184058e+18,0.0027473148566573226
1.403715912234058e+18,0.01262244767318562
1.403715912284058e+18,0.0025950557257159858
1.403715912334058e+18,0.0021234396953168
1.403715912384058e+18,0.006654747832292411
1.403715912434058e+18,0.003187892260482637
1.403715912484058e+18,0.002270598349500562
1.403715912534058e+18,0.003166457713661302
1.403715912584058e+18,0.0018812340723299856
1.403715912634058e+18,0.001615273172619656
1.403715912684058e+18,0.0034170936627322458
1.403715912734058e+18,0.0015273653600787291
1.403715912784058e+18,0.0019270482008476872
1.403715912834058e+18,0.002336602153829216
1.403715912884058e+18,0.002452574983868976
1.403715912934058e+18,0.0013765204773735398
1.403715912984058e+18,0.0037660528668751235
1.403715913034058e+18,0.0029292082338873114
1.403715913084058e+18,0.0028073737235967764
1.403715913134058e+18,0.0012956637848968026
1.403715913184058e+18,0.0017751902071801021
1.403715913234058e+18,0.001650783192044665
1.403715913284058e+18,0.0015296561507769095
1.403715913334058e+18,0.001410613157536763
1.403715913384058e+18,0.0031840629017194175
1.403715913434058e+18,0.00405738646032009
1.403715913484058e+18,0.0025508026955185763
1.403715913534058e+18,0.004038607234414437
1.403715913584058e+18,0.0017531222866424385
1.403715913634058e+18,0.001090708694241841
1.403715913684058e+18,0.0025896107779293746
1.403715913734058e+18,0.0017996343740832674
1.403715913784058e+18,0.0017763144254241403
1.403715913834058e+18,0.0033163642506176157
1.403715913884058e+18,0.0011578465708681938
1.403715913934058e+18,0.0015087759429185605
1.403715913984058e+18,0.0035392842605385826
1.403715914034058e+18,0.0021990073467473246
1.403715914084058e+18,0.0019234516137403125
1.403715914134058e+18,0.0013282556045656367
1.403715914184058e+18,0.001741576873594046
1.403715914234058e+18,0.004442152898428881
1.403715914284058e+18,0.0010086478335964483
1.403715914334058e+18,0.003238120129857182
1.403715914384058e+18,0.006072701604868433
1.403715914434058e+18,0.0025641623757962756
1.403715914484058e+18,0.0027681181742044863
1.403715914534058e+18,0.002449299570168277
1.403715914584058e+18,0.003176063789827269
1.403715914634058e+18,0.0026095264772332226
1.403715914684058e+18,0.002920416138959131
1.403715914734058e+18,0.006483274199398947
1.403715914784058e+18,0.0028867356234261302
1.403715914834058e+18,0.003360493613685226
1.403715914884058e+18,0.005517301825958759
1.403715914934058e+18,0.003296410569529431
1.403715914984058e+18,0.0019406060378710963
1.403715915034058e+18,0.002249933479810697
1.403715915084058e+18,0.002743684130096112
1.403715915134058e+18,0.0029168126876815224
1.403715915184058e+18,0.0016502666918917406
1.403715915234058e+18,0.0036955722495701903
1.403715915284058e+18,0.0013256822574506137
1.403715915334058e+18,0.0008742162664174189
1.403715915384058e+18,0.0012738369529158178
1.403715915434058e+18,0.002248309398372289
1.403715915484058e+18,0.0014556004062785588
1.403715915534058e+18,0.0013993554463289505
1.403715915584058e+18,0.0016545041926752004
1.403715915634058e+18,0.0019288250600336333
1.403715915684058e+18,0.001968804154700049
1.403715915734058e+18,0.0017437455189584917
1.403715915784058e+18,0.0034086025725267753
1.403715915834058e+18,0.0018979311293874437
1.403715915884058e+18,0.0005888120317937138
1.403715915934058e+18,0.0005283339966701432
1.403715915984058e+18,0.0011671210511872746
1.403715916034058e+18,0.000919865327140614
1.403715916084058e+18,0.0009322673387222472
1.403715916134058e+18,0.001391881580380517
1.403715916184058e+18,0.0011083670730865545
1.403715916234058e+18,0.0017287307031280715
1.403715916284058e+18,0.0023909886087148165
1.403715916334058e+18,0.0011564995080792586
1.403715916384058e+18,0.0027479970048841272
1.403715916434058e+18,0.0008046812353006711
1.403715916484058e+18,0.0016547863117689792
1.403715916534058e+18,0.0029022154980237686
1.403715916584058e+18,0.0006635167758633541
1.403715916634058e+18,0.0019453876069527541
1.403715916684058e+18,0.0015045461440933927
1.403715916734058e+18,0.0027533130523217284
1.403715916784058e+18,0.0023211839063834133
1.403715916834058e+18,0.0025705399824446484
1.403715916884058e+18,0.0030387990488784837
1.403715916934058e+18,0.0043250602820719
1.403715916984058e+18,0.0032960889053958407
1.403715917034058e+18,0.002149084517648977
1.403715917084058e+18,0.008440518920970681
1.403715917134058e+18,0.002830789570048374
1.403715917184058e+18,0.0035307798339072067
1.403715917234058e+18,0.010048937712097143
1.403715917284058e+18,0.001958738997456017
1.403715917334058e+18,0.003202974999000646
1.403715917384058e+18,0.00801419016740837
1.403715917434058e+18,0.003980611822416368
1.403715917484058e+18,0.002974934091869807
1.403715917534058e+18,0.0016507720097611914
1.403715917584058e+18,0.006994138973111422
1.403715917634058e+18,0.003382909745142527
1.403715917684058e+18,0.00248581129181781
1.403715917734058e+18,0.009142966675282258
1.403715917784058e+18,0.0023459452996392647
1.403715917834058e+18,0.0027445978313779904
1.403715917884058e+18,0.004266364916537433
1.403715917934058e+18,0.006325105796576315
1.403715917984058e+18,0.0007491262294979523
1.403715918034058e+18,0.0015694683141709723
1.403715918084058e+18,0.0019638246689659034
1.403715918134058e+18,0.002574224352115026
1.403715918184058e+18,0.002382124775549952
1.403715918234058e+18,0.00309579925610703
1.403715918284058e+18,0.0016585555900824967
1.403715918334058e+18,0.0024259444490483334
1.403715918384058e+18,0.003691228816971123
1.403715918434058e+18,0.004479814337185195
1.403715918484058e+18,0.0029867102047946605
1.403715918534058e+18,0.005436963408924076
1.403715918584058e+18,0.0032119322345805223
1.403715918634058e+18,0.0025587824122701272
1.403715918684058e+18,0.006165093916935656
1.403715918734058e+18,0.004080094527437471
1.403715918784058e+18,0.003144963349544665
1.403715918834058e+18,0.007278644136855833
1.403715918884058e+18,0.0035655775726763646
1.403715918934058e+18,0.0015854337148100202
1.403715918984058e+18,0.004667978947318774
1.403715919034058e+18,0.0032878885028715128
1.403715919084058e+18,0.0036333732200332595
1.403715919134058e+18,0.0064384814588437445
1.403715919184058e+18,0.003873822319980162
1.403715919234058e+18,0.002645374329436659
1.403715919284058e+18,0.0033412095763081574
1.403715919334058e+18,0.006463149004626942
1.403715919384058e+18,0.0016978495544324598
1.403715919434058e+18,0.003892845962283622
1.403715919484058e+18,0.004347916843165639
1.403715919534058e+18,0.001463622477720629
1.403715919584058e+18,0.0046528649429868054
1.403715919634058e+18,0.0053056059658173815
1.403715919684058e+18,0.005412119001201903
1.403715919734058e+18,0.004804475746790366
1.403715919784058e+18,0.004613828031599888
1.403715919834058e+18,0.002751098161536465
1.403715919884058e+18,0.0015567378046531751
1.403715919934058e+18,0.0035587093402372934
1.403715919984058e+18,0.001922899530818352
1.403715920034058e+18,0.0025709535898016393
1.403715920084058e+18,0.0020650322518149075
1.403715920134058e+18,0.0010239863401769358
1.403715920184058e+18,0.004261450568666156
1.403715920234058e+18,0.0025512493100994793
1.403715920284058e+18,0.0015370855311623648
1.403715920334058e+18,0.00431112743911363
1.403715920384058e+18,0.0028565231306572044
1.403715920434058e+18,0.0015100408751051247
1.403715920484058e+18,0.004006161847617033
1.403715920534058e+18,0.0029552137188112028
1.403715920584058e+18,0.0015666028824373043
1.403715920634058e+18,0.004040443889252094
1.403715920684058e+18,0.001113369400687602
1.403715920734058e+18,0.002617258414482785
1.403715920784058e+18,0.003666724025306377
1.403715920834058e+18,0.0019407657215045515
1.403715920884058e+18,0.004058150237857246
1.403715920934058e+18,0.006196802506530282
1.403715920984058e+18,0.002652905553460691
1.403715921034058e+18,0.003683122328861776
1.403715921084058e+18,0.0029440407846977263
1.403715921134058e+18,0.00294955231502545
1.403715921184058e+18,0.0021501649489750105
1.403715921234058e+18,0.00353997401029206
1.403715921284058e+18,0.002753249692743583
1.403715921334058e+18,0.001584215217103341
1.403715921384058e+18,0.0033122386542146667
1.403715921434058e+18,0.0032077576024724225
1.403715921484058e+18,0.002026481028435633
1.403715921534058e+18,0.0031224428639868513
1.403715921584058e+18,0.003920314045189935
1.403715921634058e+18,0.0053199228453382295
1.403715921684058e+18,0.0036813664397473303
1.403715921734058e+18,0.0052078655107589324
1.403715921784058e+18,0.0017832572656436777
1.403715921834058e+18,0.004211550877007726
1.403715921884058e+18,0.004804368568843257
1.403715921934058e+18,0.0023904208623177605
1.403715921984058e+18,0.007688982796633715
1.403715922034058e+18,0.0038564870661696843
1.403715922084058e+18,0.0012704779254327661
1.403715922134058e+18,0.011554182144728597
1.403715922184058e+18,0.0016934703939839064
1.403715922234058e+18,0.006471904065334896
1.403715922284058e+18,0.006881314279716878
1.403715922334058e+18,0.0034760510747125052
1.403715922384058e+18,0.0021990234917540195
1.403715922434058e+18,0.0007220367686836608
1.403715922484058e+18,0.004433272581365014
1.403715922534058e+18,0.002148787208043599
1.403715922584058e+18,0.0034602162121435244
1.403715922634058e+18,0.004829375424908988
1.403715922684058e+18,0.0017530799582331567
1.403715922734058e+18,0.0028717752812236898
1.403715922784058e+18,0.004401822965830823
1.403715922834058e+18,0.003068750168974168
1.403715922884058e+18,0.001374303877731177
1.403715922934058e+18,0.002146452726851064
1.403715922984058e+18,0.0025630211084960663
1.403715923034058e+18,0.0015748340865025469
1.403715923084058e+18,0.0015377406366205255
1.403715923134058e+18,0.0016241598587340984
1.403715923184058e+18,0.00037811128539376357
1.403715923234058e+18,0.0014076083722002269
1.403715923284058e+18,0.004438292093589117
1.403715923334058e+18,0.0010480437405208847
1.403715923384058e+18,0.0006323445673855962
1.403715923434058e+18,0.00568644735598141
1.403715923484058e+18,0.0014567544908304962
1.403715923534058e+18,0.0019348793202403967
1.403715923584058e+18,0.0020217939398100853
1.403715923634058e+18,0.002137832287097828
1.403715923684058e+18,0.0016851242334996201
1.403715923734058e+18,0.0019441882568131084
1.403715923784058e+18,0.004655359170541548
1.403715923834058e+18,0.0015460634996967487
1.403715923884058e+18,0.001801353756201434
1.403715923934058e+18,0.006366402983740517
1.403715923984058e+18,0.0016814387942445603
1.403715924034058e+18,0.0020973007990802437
1.403715924084058e+18,0.00156980008879443
1.403715924134058e+18,0.0019305348404599877
1.403715924184058e+18,0.0019161140077528773
1.403715924234058e+18,0.0014742610262019403
1.403715924284058e+18,0.001803058491006851
1.403715924334058e+18,0.0021890928756045022
1.403715924384058e+18,0.001578050831432164
1.403715924434058e+18,0.0019393765565673049
1.403715924484058e+18,0.0020359963881982656
1.403715924534058e+18,0.0012211299505169746
1.403715924584058e+18,0.0022155018367354083
1.403715924634058e+18,0.002390228655139556
1.403715924684058e+18,0.001540256814647328
1.403715924734058e+18,0.002106138510484369
1.403715924784058e+18,0.0024653022930875546
1.403715924834058e+18,0.0012056016943773659
1.403715924884058e+18,0.0018703634507097708
1.403715924934058e+18,0.0020141381849861223
1.403715924984058e+18,0.0017819877356507246
1.403715925034058e+18,0.0025387634854027647
1.403715925084058e+18,0.0023921496524138713
1.403715925134058e+18,0.001976114804124261
1.403715925184058e+18,0.002293053019381445
1.403715925234058e+18,0.002075677999676598
1.403715925284058e+18,0.0027491732709874948
1.403715925334058e+18,0.0021487799477797396
1.403715925384058e+18,0.002165108265088631
1.403715925434058e+18,0.0020847605808453473
1.403715925484058e+18,0.003859154170147161
1.403715925534058e+18,0.0016483093262067016
1.403715925584058e+18,0.0020892628097346046
1.403715925634058e+18,0.0032670079473313424
1.403715925684058e+18,0.0023527023722702974
1.403715925734058e+18,0.0028824511435846596
1.403715925784058e+18,0.003423968172156982
1.403715925834058e+18,0.002380775109390952
1.403715925884058e+18,0.0022589938032045067
1.403715925934058e+18,0.0034465272439342955
1.403715925984058e+18,0.003001948961816577
1.403715926034058e+18,0.003984478920764585
1.403715926084058e+18,0.004497854850871758
1.403715926134058e+18,0.0035429860762560238
1.403715926184058e+18,0.0037099159679279594
1.403715926234058e+18,0.004526190164145819
1.403715926284058e+18,0.004270175369146865
1.403715926334058e+18,0.004688888833392438
1.403715926384058e+18,0.004956723344327179
1.403715926434058e+18,0.004423899785954109
1.403715926484058e+18,0.004810518511057414
1.403715926534058e+18,0.0045377980120386
1.403715926584058e+18,0.008898290212906453
1.403715926634058e+18,0.004568135078111887
1.403715926684058e+18,0.004813273089513981
1.403715926734058e+18,0.0050032530176844225
1.403715926784058e+18,0.0035356866594558846
1.403715926834058e+18,0.003816674866066609
1.403715926884058e+18,0.004308727628027257
1.403715926934058e+18,0.003097160676074788
1.403715926984058e+18,0.003553945361397371
1.403715927034058e+18,0.003973269770886884
1.403715927084058e+18,0.010988193511080485
1.403715927134058e+18,0.005378398034929796
1.403715927184058e+18,0.00556525438087169
1.403715927234058e+18,0.0018120648454902043
1.403715927284058e+18,0.0024990165806591624
1.403715927334058e+18,0.004460268545876396
1.403715927384058e+18,0.0007798347493500288
1.403715927434058e+18,0.0019200642552975808
1.403715927484058e+18,0.0034955424889607516
1.403715927534058e+18,0.0028821834213585682
1.403715927584058e+18,0.0058789205912368
1.403715927634058e+18,0.0021851092452757365
1.403715927684058e+18,0.002033967359729764
1.403715927734058e+18,0.004463288870835331
1.403715927784058e+18,0.0027929701378727675
1.403715927834058e+18,0.0021617882128589713
1.403715927884058e+18,0.0035679256744604202
1.403715927934058e+18,0.002365343911456216
1.403715927984058e+18,0.0024578609718350266
1.403715928034058e+18,0.00495804788294508
1.403715928084058e+18,0.0028506682048063917
1.403715928134058e+18,0.0005934474518018488
1.403715928184058e+18,0.005941830623790534
1.403715928234058e+18,0.002378264027389006
1.403715928284058e+18,0.0012799272367148588
1.403715928334058e+18,0.00666488217273435
1.403715928384058e+18,0.0031103030293009562
1.403715928434058e+18,0.001502864938355923
1.403715928484058e+18,0.00334740041229693
1.403715928534058e+18,0.010676172687263601
1.403715928584058e+18,0.007852045954141794
1.403715928634058e+18,0.003458151685653682
1.403715928684058e+18,0.012496771284739121
1.403715928734058e+18,0.017069928729030952
1.403715928784058e+18,0.003081502082622725
1.403715928834058e+18,0.012103590954301049
1.403715928884058e+18,0.005688991237584116
1.403715928934058e+18,0.007492537170426061
1.403715928984058e+18,0.006196572200807081
1.403715929034058e+18,0.002965364817553159
1.403715929084058e+18,0.006832614022582876
1.403715929134058e+18,0.0062443690684439385
1.403715929184058e+18,0.003819402564181803
1.403715929234058e+18,0.016115374027503574
1.403715929284058e+18,0.004390681193022043
1.403715929334058e+18,0.0034363577805784323
1.403715929384058e+18,0.002108860830770455
1.403715929434058e+18,0.007158355446578861
1.403715929484058e+18,0.0025655139731666867
1.403715929534058e+18,0.0028294840627923197
1.403715929584058e+18,0.002372462311917392
1.403715929634058e+18,0.0015820520481007773
1.403715929684058e+18,0.0018126471975761177
1.403715929734058e+18,0.0038604925383169033
1.403715929784058e+18,0.003518009339923903
1.403715929834058e+18,0.005971921752840376
1.403715929884058e+18,0.00491536487450724
1.403715929934058e+18,0.00389750178179074
1.403715929984058e+18,0.0024233547879526705
1.403715930034058e+18,0.002948996986246267
1.403715930084058e+18,0.006620193748906302
1.403715930134058e+18,0.002375150183532235
1.403715930184058e+18,0.0023625716569614153
1.403715930234058e+18,0.0014954226468594726
1.403715930284058e+18,0.00164753347941034
1.403715930334058e+18,0.007724728005226595
1.403715930384058e+18,0.007862451169081647
1.403715930434058e+18,0.00816810513485514
1.403715930484058e+18,0.00311628520082072
1.403715930534058e+18,0.003503603784886093
1.403715930584058e+18,0.00505161466592193
1.403715930634058e+18,0.0030393380410720207
1.403715930684058e+18,0.009972896229535311
1.403715930734058e+18,0.00037726531487972304
1.403715930784058e+18,0.0009766746788057285
1.403715930834058e+18,0.003922981185091808
1.403715930884058e+18,0.00843915234071463
1.403715930934058e+18,0.008624067738396168
1.403715930984058e+18,0.006675363364900159
1.403715931034058e+18,0.0039757754151646995
1.403715931084058e+18,0.004593483317111599
1.403715931134058e+18,0.008053262738094225
1.403715931184058e+18,0.009759324757796789
1.403715931234058e+18,0.0017426433623262687
1.403715931284058e+18,0.004844833785775043
1.403715931334058e+18,0.004152928391211043
1.403715931384058e+18,0.0028866139958018087
1.403715931434058e+18,0.006120931397799889
1.403715931484058e+18,0.004442368756645189
1.403715931534058e+18,0.001963782608163735
1.403715931584058e+18,0.003316803065798992
1.403715931634058e+18,0.004946119078948772
1.403715931684058e+18,0.0020662323112717205
1.403715931734058e+18,0.0021166188483414702
1.403715931784058e+18,0.0026658240179750444
1.403715931834058e+18,0.0022278048244438694
1.403715931884058e+18,0.003585700080303121
1.403715931934058e+18,0.001861005671796269
1.403715931984058e+18,0.0018852168253934603
1.403715932034058e+18,0.0019718623700852736
1.403715932084058e+18,0.0025007124574757244
1.403715932134058e+18,0.0016686926416885765
1.403715932184058e+18,0.0037607541303570384
1.403715932234058e+18,0.002705860925194423
1.403715932284058e+18,0.0009271868119156992
1.403715932334058e+18,0.0038642454436451923
1.403715932384058e+18,0.0022178114128724126
1.403715932434058e+18,0.0001018414382927682
1.403715932484058e+18,0.003958256781248864
1.403715932534058e+18,0.0020295168908838444
1.403715932584058e+18,0.0026870511742534196
1.403715932634058e+18,0.003119462240174416
1.403715932684058e+18,0.007627307247887054
1.403715932734058e+18,0.0040610866745322384
1.403715932784058e+18,0.003692780377332218
1.403715932834058e+18,0.008140176212191593
1.403715932884058e+18,0.0026498668362671765
1.403715932934058e+18,0.009148797752875385
1.403715932984058e+18,0.006299647771611303
1.403715933034058e+18,0.003300263241267951
1.403715933084058e+18,0.0014187460514835614
1.403715933134058e+18,0.0063101858059255635
1.403715933184058e+18,0.01194310688525477
1.403715933234058e+18,0.01500250785780198
1.403715933284058e+18,0.013891022060247832
1.403715933334058e+18,0.010274652901326377
1.403715933384058e+18,0.004426914502942074
1.403715933434058e+18,0.005368636667167769
1.403715933484058e+18,0.017942800319240285
1.403715933534058e+18,0.003045291073866057
1.403715933584058e+18,0.002909082656933071
1.403715933634058e+18,0.002007482592401357
1.403715933684058e+18,0.011132113640697935
1.403715933734058e+18,0.010275709368182057
1.403715933784058e+18,0.01023695665410774
1.403715933834058e+18,0.007174346580467961
1.403715933884058e+18,0.015409005845507164
1.403715933934058e+18,0.013259054991906959
1.403715933984058e+18,0.009122243204816647
1.403715934034058e+18,0.003792986388811915
1.403715934084058e+18,0.0024753039213259373
1.403715934134058e+18,0.0026928683920258135
1.403715934184058e+18,0.003927610060125094
1.403715934234058e+18,0.003375267653323786
1.403715934284058e+18,0.004150323250137218
1.403715934334058e+18,0.011257989142365879
1.403715934384058e+18,0.011915927784974658
1.403715934434058e+18,0.010368502259546275
1.403715934484058e+18,0.004193580672928929
1.403715934534058e+18,0.0009700924007120021
1.403715934584058e+18,0.004179329667464287
1.403715934634058e+18,0.0007073890257501256
1.403715934684058e+18,0.0004806993434795975
1.403715934734058e+18,0.007590229223552615
1.403715934784058e+18,0.012902851625862053
1.403715934834058e+18,0.013489579227098486
1.403715934884058e+18,0.01464535698247575
1.403715934934058e+18,0.011337772625585758
1.403715934984058e+18,0.0034125605439578417
1.403715935034058e+18,0.006430170949477805
1.403715935084058e+18,0.010573890778400815
1.403715935134058e+18,0.006806360410650058
1.403715935184058e+18,0.0070777040859503
1.403715935234058e+18,0.004971659231935876
1.403715935284058e+18,0.01543904359899157
1.403715935334058e+18,0.01525389135839585
1.403715935384058e+18,0.01606607791561747
1.403715935434058e+18,0.012486024630479447
1.403715935484058e+18,0.004766640150141476
1.403715935534058e+18,0.004241946554892417
1.403715935584058e+18,0.008548046026857374
1.403715935634058e+18,0.0041726146084253
1.403715935684058e+18,0.01718099433623817
1.403715935734058e+18,0.015014628754647616
1.403715935784058e+18,0.003383406611387053
1.403715935834058e+18,0.0020558689083150883
1.403715935884058e+18,0.001439833159594696
1.403715935934058e+18,0.0012293885916464927
1.403715935984058e+18,0.0011965095849474341
1.403715936034058e+18,0.0016377486004775133
1.403715936084058e+18,0.0020801944232621493
1.403715936134058e+18,0.0026221270994429995
1.403715936184058e+18,0.014099559078692394
1.403715936234058e+18,0.01384539105518762
1.403715936284058e+18,0.004594879888313
1.403715936334058e+18,0.0014301750182536866
1.403715936384058e+18,0.008282581823598475
1.403715936434058e+18,0.008718029873567
1.403715936484058e+18,0.00929150167227531
1.403715936534058e+18,0.008293223616908516
1.403715936584058e+18,0.006877322995419645
1.403715936634058e+18,0.006960719948435992
1.403715936684058e+18,0.01924020000337429
1.403715936734058e+18,0.020894922648232984
1.403715936784058e+18,0.010829654401284316
1.403715936834058e+18,0.0072495468910715845
1.403715936884058e+18,0.010816918563038803
1.403715936934058e+18,0.010609457062922156
1.403715936984058e+18,0.012864827436527821
1.403715937034058e+18,0.008270786250282536
1.403715937084058e+18,0.009815446719582477
1.403715937134058e+18,0.011049646594430761
1.403715937184058e+18,0.015582703429449712
1.403715937234058e+18,0.015733380037102937
1.403715937284058e+18,0.01478424370038617
1.403715937334058e+18,0.014724592549970416
1.403715937384058e+18,0.011407071491522107
1.403715937434058e+18,0.010389959695435233
1.403715937484058e+18,0.012277427818981975
1.403715937534058e+18,0.015217995696701563
1.403715937584058e+18,0.012221157229477824
1.403715937634058e+18,0.00505329862407926
1.403715937684058e+18,0.01325843962136227
1.403715937734058e+18,0.015251050339534993
1.403715937784058e+18,0.01558441882022497
1.403715937834058e+18,0.01498533127788031
1.403715937884058e+18,0.00880929553612488
1.403715937934058e+18,0.010447420392827257
1.403715937984058e+18,0.008451799602283126
1.403715938034058e+18,0.005134484488635076
1.403715938084058e+18,0.005916095660628542
1.403715938134058e+18,0.007839564638918477
1.403715938184058e+18,0.0034576063133431884
1.403715938234058e+18,0.010194615090176745
1.403715938284058e+18,0.012286836752457671
1.403715938334058e+18,0.011870618119606453
1.403715938384058e+18,0.004784023945579563
1.403715938434058e+18,0.005343977845802853
1.403715938484058e+18,0.005507547766218332
1.403715938534058e+18,0.006666824170507794
1.403715938584058e+18,0.0027339378046738264
1.403715938634058e+18,0.00389703906730681
1.403715938684058e+18,0.007987817130007988
1.403715938734058e+18,0.0032016997701006435
1.403715938784058e+18,0.009694322483572718
1.403715938834058e+18,0.008939633356775264
1.403715938884058e+18,0.009627784506422982
1.403715938934058e+18,0.009963839409758453
1.403715938984058e+18,0.004580850808129554
1.403715939034058e+18,0.005112876462271644
1.403715939084058e+18,0.006649553674929206
1.403715939134058e+18,0.0053666451911849235
1.403715939184058e+18,0.004259906454256602
1.403715939234058e+18,0.002745750791251026
1.403715939284058e+18,0.005678041241625209
1.403715939334058e+18,0.005209666882579022
1.403715939384058e+18,0.003104541984666806
1.403715939434058e+18,0.0030659110276670103
1.403715939484058e+18,0.0016966520868222533
1.403715939534058e+18,0.00187313154919732
1.403715939584058e+18,0.0062303899618152084
1.403715939634058e+18,0.005773757772395938
1.403715939684058e+18,0.0025359172084103406
1.403715939734058e+18,0.002806416188728897
1.403715939784058e+18,0.002974943880162882
1.403715939834058e+18,0.0037168702941236674
1.403715939884058e+18,0.0063326144634921954
1.403715939934058e+18,0.00572885180608563
1.403715939984058e+18,0.0033077098431997837
1.403715940034058e+18,0.003518216617912485
1.403715940084058e+18,0.004820879852226898
1.403715940134058e+18,0.004045071016223671
1.403715940184058e+18,0.0037265858108508215
1.403715940234058e+18,0.008931285312955022
1.403715940284058e+18,0.009805449388902364
1.403715940334058e+18,0.007766314539147837
1.403715940384058e+18,0.008629704959896872
1.403715940434058e+18,0.004251016761997678
1.403715940484058e+18,0.004261720876771563
1.403715940534058e+18,0.007791742805905937
1.403715940584058e+18,0.014498661429575089
1.403715940634058e+18,0.007734648180175915
1.403715940684058e+18,0.013150703295789302
1.403715940734058e+18,0.012821194631008524
1.403715940784058e+18,0.02939019380921974
1.403715940834058e+18,0.004922388717226742
1.403715940884058e+18,0.01376715111705234
1.403715940934058e+18,0.01168271722497199
1.403715940984058e+18,0.011171387493927556
1.403715941034058e+18,0.004373488857923409
1.403715941084058e+18,0.012939055170085485
1.403715941134058e+18,0.004907557541887414
1.403715941184058e+18,0.01337408913369912
1.403715941234058e+18,0.00771111503266836
1.403715941284058e+18,0.022698975055960222
1.403715941334058e+18,0.0050834976780040515
1.403715941384058e+18,0.010215269540956785
1.403715941434058e+18,0.007948341574132359
1.403715941484058e+18,0.006771694098862155
1.403715941534058e+18,0.0026491035844318413
1.403715941584058e+18,0.0030011900128210298
1.403715941634058e+18,0.0035512881159296965
1.403715941684058e+18,0.004302003922853927
1.403715941734058e+18,0.00190867514029302
1.403715941784058e+18,0.0019221896882868404
1.403715941834058e+18,0.005578816245809293
1.403715941884058e+18,0.0007383138007404292
1.403715941934058e+18,0.001470551018408083
1.403715941984058e+18,0.005087849530057885
1.403715942034058e+18,0.006426586866294437
1.403715942084058e+18,0.0033475301009373353
1.403715942134058e+18,0.0038320285079259894
1.403715942184058e+18,0.0034573889302181595
1.403715942234058e+18,0.009579175535416092
1.403715942284058e+18,0.0028835952221814196
1.403715942334058e+18,0.002708124332835133
1.403715942384058e+18,0.0037082229154236416
1.403715942434058e+18,0.0037919619919356247
1.403715942484058e+18,0.001978566223209198
1.403715942534058e+18,0.006521323182124163
1.403715942584058e+18,0.0024796179270983637
1.403715942634058e+18,0.002774774279351239
1.403715942684058e+18,0.0028489207756509254
1.403715942734058e+18,0.007920142497710106
1.403715942784058e+18,0.0017862649628453662
1.403715942834058e+18,0.001086632322008905
1.403715942884058e+18,0.001187298441465429
1.403715942934058e+18,0.001524161811401764
1.403715942984058e+18,0.003883120032716858
1.403715943034058e+18,0.0029688906804530395
1.403715943084058e+18,0.0031272853646832294
1.403715943134058e+18,0.0026505423810494716
1.403715943184058e+18,0.00342225715949701
1.403715943234058e+18,0.004169242305297455
1.403715943284058e+18,0.003859094990788049
1.403715943334058e+18,0.0038440587463475563
1.403715943384058e+18,0.0037338886411381815
1.403715943434058e+18,0.0010424412238933245
1.403715943484058e+18,0.00034128595453995596
1.403715943534058e+18,0.005214347532090808
1.403715943584058e+18,0.00467905062620812
1.403715943634058e+18,0.0045073950617943335
1.403715943684058e+18,0.004284503435303267
1.403715943734058e+18,0.0032169657716803936
1.403715943784058e+18,0.010122749330772625
1.403715943834058e+18,0.007678192112454264
1.403715943884058e+18,0.00795599104224274
1.403715943934058e+18,0.005907508926890466
1.403715943984058e+18,0.01150665407817458
1.403715944034058e+18,0.010785142945417128
1.403715944084058e+18,0.002687618519706492
1.403715944134058e+18,0.002819614020043962
1.403715944184058e+18,0.00354999454271666
1.403715944234058e+18,0.0030997350161396067
1.403715944284058e+18,0.01064371952364907
1.403715944334058e+18,0.0068390046821703
1.403715944384058e+18,0.008523593277279315
1.403715944434058e+18,0.005919103376689924
1.403715944484058e+18,0.012240316941304783
1.403715944534058e+18,0.011791640857987637
1.403715944584058e+18,0.002118867804364261
1.403715944634058e+18,0.0028071388739570216
1.403715944684058e+18,0.007329038198829147
1.403715944734058e+18,0.007490312872422721
1.403715944784058e+18,0.009261306267766896
1.403715944834058e+18,0.027944631497872338
1.403715944884058e+18,0.007766379767886271
1.403715944934058e+18,0.010419067031052501
1.403715944984058e+18,0.010365081843046279
1.403715945034058e+18,0.01011265203153739
1.403715945084058e+18,0.001232488282754145
1.403715945134058e+18,0.0011469326458937714
1.403715945184058e+18,0.010810441794673305
1.403715945234058e+18,0.010502038019379305
1.403715945284058e+18,0.009461306172942033
1.403715945334058e+18,0.027396621736193873
1.403715945384058e+18,0.00958586524645875
1.403715945434058e+18,0.0023154292183611078
1.403715945484058e+18,0.0118143855261506
1.403715945534058e+18,0.01178350121815394
1.403715945584058e+18,0.002699786666436096
1.403715945634058e+18,0.002521158256313964
1.403715945684058e+18,0.0018380306109162586
1.403715945734058e+18,0.0018319173199144976
1.403715945784058e+18,0.0009910136202893496
1.403715945834058e+18,0.000940224885104235
1.403715945884058e+18,0.006086876959378944
1.403715945934058e+18,0.010996227326012697
1.403715945984058e+18,0.0021609251815304475
1.403715946034058e+18,0.003951629841696343
1.403715946084058e+18,0.006134374407572611
1.403715946134058e+18,0.001811716158994772
1.403715946184058e+18,0.001539660878678393
1.403715946234058e+18,0.007859796355712673
1.403715946284058e+18,0.004522041245132155
1.403715946334058e+18,0.004722298127080997
1.403715946384058e+18,0.006945542254928478
1.403715946434058e+18,0.004410730181822787
1.403715946484058e+18,0.0038167240717559016
1.403715946534058e+18,0.0030994049873501513
1.403715946584058e+18,0.008015854784981317
1.403715946634058e+18,0.0030592893864933787
1.403715946684058e+18,0.0019689584251005917
1.403715946734058e+18,0.008316162430319672
1.403715946784058e+18,0.009988000371564127
1.403715946834058e+18,0.0011956802813259892
1.403715946884058e+18,0.002955867115842508
1.403715946934058e+18,0.0005907027277310391
1.403715946984058e+18,0.006702391304653966
1.403715947034058e+18,0.0029834065683753746
1.403715947084058e+18,0.0024596776631172768
1.403715947134058e+18,0.002567941022097466
1.403715947184058e+18,0.005748052428066297
1.403715947234058e+18,0.006670358090936695
1.403715947284058e+18,0.002969218457337166
1.403715947334058e+18,0.0026281911881093373
1.403715947384058e+18,0.005476772785819365
1.403715947434058e+18,0.006074178192070108
1.403715947484058e+18,0.00570041302082394
1.403715947534058e+18,0.004829322714859006
1.403715947584058e+18,0.007747923321860643
1.403715947634058e+18,0.008626630381049603
1.403715947684058e+18,0.005740947898050908
1.403715947734058e+18,0.0060687414465212105
1.403715947784058e+18,0.0034974707535559302
1.403715947834058e+18,0.0083034753674944
1.403715947884058e+18,0.0015751841036948267
1.403715947934058e+18,0.006155292828669756
1.403715947984058e+18,0.0069526851718475675
1.403715948034058e+18,0.004442613612189292
1.403715948084058e+18,0.003641890429462476
1.403715948134058e+18,0.004858028811586754
1.403715948184058e+18,0.0026304509283706697
1.403715948234058e+18,0.00465533129356842
1.403715948284058e+18,0.0019082712808159929
1.403715948334058e+18,0.007795882794471475
1.403715948384058e+18,0.0030318580319857015
1.403715948434058e+18,0.006717553132600186
1.403715948484058e+18,0.009335499247121978
1.403715948534058e+18,0.0035825149912300457
1.403715948584058e+18,0.0033463106756124105
1.403715948634058e+18,0.0037229094052385813
1.403715948684058e+18,0.002904675287478668
1.403715948734058e+18,0.007748168896973637
1.403715948784058e+18,0.006411747603401589
1.403715948834058e+18,0.004440700845260974
1.403715948884058e+18,0.004570690891035189
1.403715948934058e+18,0.004914467542456864
1.403715948984058e+18,0.013637038056694386
1.403715949034058e+18,0.007356868753271056
1.403715949084058e+18,0.007441382517530576
1.403715949134058e+18,0.005986147147736241
1.403715949184058e+18,0.016676267011710693
1.403715949234058e+18,0.0023189113892955813
1.403715949284058e+18,0.008577606316104337
1.403715949334058e+18,0.0017010484069922178
1.403715949384058e+18,0.0027240258393663027
1.403715949434058e+18,0.008114246560114923
1.403715949484058e+18,0.009608293421152438
1.403715949534058e+18,0.005953176154784757
1.403715949584058e+18,0.004958513169024485
1.403715949634058e+18,0.011774556943612258
1.403715949684058e+18,0.01696887374905288
1.403715949734058e+18,0.0017157608256904483
1.403715949784058e+18,0.0015765737883889168
1.403715949834058e+18,0.003192966107604634
1.403715949884058e+18,0.002129626961561931
1.403715949934058e+18,0.005730874752565219
1.403715949984058e+18,0.012068715409219952
1.403715950034058e+18,0.003515269978463333
1.403715950084058e+18,0.0030374154896945374
1.403715950134058e+18,0.030318841997243988
1.403715950184058e+18,0.013684370901878597
1.403715950234058e+18,0.0024531354529807735
1.403715950284058e+18,0.003037132168820456
1.403715950334058e+18,0.0036537039628355126
1.403715950384058e+18,0.0037835950489040018
1.403715950434058e+18,0.013184833989803985
1.403715950484058e+18,0.013807471250138714
1.403715950534058e+18,0.005658990311422702
1.403715950584058e+18,0.009724729515020961
1.403715950634058e+18,0.013183172288097721
1.403715950684058e+18,0.012611666822216034
1.403715950734058e+18,0.015389786201561085
1.403715950784058e+18,0.029053049324204477
1.403715950834058e+18,0.007672308339739499
1.403715950884058e+18,0.008611931327940837
1.403715950934058e+18,0.0076430048136047705
1.403715950984058e+18,0.040108949700739124
1.403715951034058e+18,0.002053115760699504
1.403715951084058e+18,0.013045157672277104
1.403715951134058e+18,0.002033573970735923
1.403715951184058e+18,0.015800075002456126
1.403715951234058e+18,0.01437635292855265
1.403715951284058e+18,0.03169375386967415
1.403715951334058e+18,0.004571221343121583
1.403715951384058e+18,0.010844073172891265
1.403715951434058e+18,0.005357445794690925
1.403715951484058e+18,0.039443016741858856
1.403715951534058e+18,0.01026126493217402
1.403715951584058e+18,0.02711211076352971
1.403715951634058e+18,0.02513336816222994
1.403715951684058e+18,0.017387695234632794
1.403715951734058e+18,0.00305926073674711
1.403715951784058e+18,0.003677674406865909
1.403715951834058e+18,0.01298496358748601
1.403715951884058e+18,0.008940072701378199
1.403715951934058e+18,0.006496617224949646
1.403715951984058e+18,0.014511144120722557
1.403715952034058e+18,0.019697171586968123
1.403715952084058e+18,0.027363944723957444
1.403715952134058e+18,0.024167370309405804
1.403715952184058e+18,0.007144435432680138
1.403715952234058e+18,0.010082549730500273
1.403715952284058e+18,0.007618904530745666
1.403715952334058e+18,0.006872848504783633
1.403715952384058e+18,0.0038832781687580145
1.403715952434058e+18,0.004650258034944462
1.403715952484058e+18,0.008090987542875327
1.403715952534058e+18,0.004634177243455814
1.403715952584058e+18,0.005759096081880035
1.403715952634058e+18,0.011891884019855761
1.403715952684058e+18,0.0035865313585220554
1.403715952734058e+18,0.0018289120015076658
1.403715952784058e+18,0.0012767506033267116
1.403715952834058e+18,0.003755779573279915
1.403715952884058e+18,0.00413931728072729
1.403715952934058e+18,0.00549627993726249
1.403715952984058e+18,0.0035646167842386754
1.403715953034058e+18,0.005146338098843438
1.403715953084058e+18,0.007927436833512031
1.403715953134058e+18,0.013753659328206762
1.403715953184058e+18,0.004107561707841971
1.403715953234058e+18,0.004478100173541238
1.403715953284058e+18,0.007182032414421646
1.403715953334058e+18,0.008023015377745298
1.403715953384058e+18,0.0024604064868017895
1.403715953434058e+18,0.005900505747997871
1.403715953484058e+18,0.005469564185923481
1.403715953534058e+18,0.00941322278788641
1.403715953584058e+18,0.007700911664004489
1.403715953634058e+18,0.005002458184228086
1.403715953684058e+18,0.005859428720353991
1.403715953734058e+18,0.004767137285323611
1.403715953784058e+18,0.006325307130611657
1.403715953834058e+18,0.004843299401976919
1.403715953884058e+18,0.005037465312490427
1.403715953934058e+18,0.004857538449664845
1.403715953984058e+18,0.0063560299491217265
1.403715954034058e+18,0.006200997894442007
1.403715954084058e+18,0.006449223803195893
1.403715954134058e+18,0.0028878422306225578
1.403715954184058e+18,0.00862489038071372
1.403715954234058e+18,0.008394671704311279
1.403715954284058e+18,0.0043034686663219485
1.403715954334058e+18,0.0014165560973490837
1.403715954384058e+18,0.012885685589576307
1.403715954434058e+18,0.012536454865341495
1.403715954484058e+18,0.00376458915664215
1.403715954534058e+18,0.0032543144569771912
1.403715954584058e+18,0.006709719186176626
1.403715954634058e+18,0.006021957787999714
1.403715954684058e+18,0.0038386200620586057
1.403715954734058e+18,0.0029243232886503336
1.403715954784058e+18,0.005665603101922444
1.403715954834058e+18,0.005970719501724426
1.403715954884058e+18,0.0043014082568008805
1.403715954934058e+18,0.004314860223771604
1.403715954984058e+18,0.010356020440863544
1.403715955034058e+18,0.00954455238523823
1.403715955084058e+18,0.009041684475000828
1.403715955134058e+18,0.008663058536427466
1.403715955184058e+18,0.008136391079728541
1.403715955234058e+18,0.007770435917520759
1.403715955284058e+18,0.007347958241381571
1.403715955334058e+18,0.006047664702692245
1.403715955384058e+18,0.009095398036730016
1.403715955434058e+18,0.014160270597213791
1.403715955484058e+18,0.011294765031374528
1.403715955534058e+18,0.010045422708891895
1.403715955584058e+18,0.01022637843122295
1.403715955634058e+18,0.008157199063104794
1.403715955684058e+18,0.008602873273185018
1.403715955734058e+18,0.00710743867247016
1.403715955784058e+18,0.010378320823156817
1.403715955834058e+18,0.007954039163162188
1.403715955884058e+18,0.008095451714344528
1.403715955934058e+18,0.010785507646703805
1.403715955984058e+18,0.009289713626378813
1.403715956034058e+18,0.009711942796425156
1.403715956084058e+18,0.008734492963140099
1.403715956134058e+18,0.007329350201484624
1.403715956184058e+18,0.00576229253575094
1.403715956234058e+18,0.002958419358815314
1.403715956284058e+18,0.012472910218092334
1.403715956334058e+18,0.009718939021646921
1.403715956384058e+18,0.002309909664400994
1.403715956434058e+18,0.003226468643395244
1.403715956484058e+18,0.0058162645321903714
1.403715956534058e+18,0.005687757148264604
1.403715956584058e+18,0.00524380557428319
1.403715956634058e+18,0.009941405579292007
1.403715956684058e+18,0.0076704447402529624
1.403715956734058e+18,0.007796768476808477
1.403715956784058e+18,0.005634385940498198
1.403715956834058e+18,0.0065442506076073634
1.403715956884058e+18,0.00603303895726076
1.403715956934058e+18,0.0044988581584231606
1.403715956984058e+18,0.0037218029575818087
1.403715957034058e+18,0.003857496922422021
1.403715957084058e+18,0.0032587838750340026
1.403715957134058e+18,0.0083656176492819
1.403715957184058e+18,0.008701402470750928
1.403715957234058e+18,0.008488553796385644
1.403715957284058e+18,0.008418174427437749
1.403715957334058e+18,0.005383835444491003
1.403715957384058e+18,0.011004669585802405
1.403715957434058e+18,0.010693202868607027
1.403715957484058e+18,0.015966003057783094
1.403715957534058e+18,0.02994170599875538
1.403715957584058e+18,0.008148276354357406
1.403715957634058e+18,0.008580199255950648
1.403715957684058e+18,0.0008757482487061587
1.403715957734058e+18,0.001744852536012378
1.403715957784058e+18,0.006035923277324872
1.403715957834058e+18,0.007187153032291291
1.403715957884058e+18,0.004777179508392386
1.403715957934058e+18,0.002881640112048187
1.403715957984058e+18,0.005879797066313275
1.403715958034058e+18,0.02518361641675514
1.403715958084058e+18,0.008713162500261473
1.403715958134058e+18,0.00569784175212578
1.403715958184058e+18,0.0045238485192435115
1.403715958234058e+18,0.002288757450072391
1.403715958284058e+18,0.0059823058933735395
1.403715958334058e+18,0.005956468470902386
1.403715958384058e+18,0.0043437750680064904
1.403715958434058e+18,0.0033964628594469904
1.403715958484058e+18,0.008119619999884083
1.403715958534058e+18,0.006043236591942745
1.403715958584058e+18,0.006210429761848654
1.403715958634058e+18,0.0030725341788609556
1.403715958684058e+18,0.010530106381511887
1.403715958734058e+18,0.010777538107635713
1.403715958784058e+18,0.008114367251807055
1.403715958834058e+18,0.007220226289692993
1.403715958884058e+18,0.0045826964779456915
1.403715958934058e+18,0.012841143014341135
1.403715958984058e+18,0.0076745851623016255
1.403715959034058e+18,0.01004159687147014
1.403715959084058e+18,0.0021322424522508096
1.403715959134058e+18,0.007487593700574869
1.403715959184058e+18,0.0028830818424746534
1.403715959234058e+18,0.006943019784353369
1.403715959284058e+18,0.0018997389775534635
1.403715959334058e+18,0.008846270286168221
1.403715959384058e+18,0.009258946151720812
1.403715959434058e+18,0.0044765817349366
1.403715959484058e+18,0.016249120543975912
1.403715959534058e+18,0.0041154025469559265
1.403715959584058e+18,0.003543709013897848
1.403715959634058e+18,0.0068613349582900725
1.403715959684058e+18,0.005843156831218151
1.403715959734058e+18,0.006566460953368116
1.403715959784058e+18,0.007405240515265517
1.403715959834058e+18,0.00891881486899073
1.403715959884058e+18,0.014045294461815926
1.403715959934058e+18,0.009429150685317024
1.403715959984058e+18,0.015384133530027756
1.403715960034058e+18,0.004319052999236184
1.403715960084058e+18,0.002277474618968214
1.403715960134058e+18,0.0022438185892506737
1.403715960184058e+18,0.006413287619847125
1.403715960234058e+18,0.007134614881561332
1.403715960284058e+18,0.0059959726227469595
1.403715960334058e+18,0.006057966082427268
1.403715960384058e+18,0.007210501851481586
1.403715960434058e+18,0.001559972839995465
1.403715960484058e+18,0.002496104201244719
1.403715960534058e+18,0.002112559491303216
1.403715960584058e+18,0.0015163174546003679
1.403715960634058e+18,0.005589012227048331
1.403715960684058e+18,0.00104192335291916
1.403715960734058e+18,0.001954733196368594
1.403715960784058e+18,0.002615433494541585
1.403715960834058e+18,0.00496101592980222
1.403715960884058e+18,0.0017489343708535624
1.403715960934058e+18,0.0016781856428388657
1.403715960984058e+18,0.0028424403209137824
1.403715961034058e+18,0.0030902340626222003
1.403715961084058e+18,0.001421555132662225
1.403715961134058e+18,0.006185999507174943
1.403715961184058e+18,0.0011294355466724593
1.403715961234058e+18,0.0014621680104897504
1.403715961284058e+18,0.0013111022895583723
1.403715961334058e+18,0.0038317785216352178
1.403715961384058e+18,0.0011773957225964529
1.403715961434058e+18,0.0009312169593383445
1.403715961484058e+18,0.0016130408710642217
1.403715961534058e+18,0.0014835806178910454
1.403715961584058e+18,0.0009100196904403731
1.403715961634058e+18,0.0008444224974830208
1.403715961684058e+18,0.0013409353460746864
1.403715961734058e+18,0.001829050497542048
1.403715961784058e+18,0.00041055002239844115
1.403715961834058e+18,0.0014358753070723563
1.403715961884058e+18,0.0015930688072773474
1.403715961934058e+18,0.0019016617911122521
1.403715961984058e+18,0.0010845960500155075
1.403715962034058e+18,0.0014980785033852752
1.403715962084058e+18,0.0016733596344946481
1.403715962134058e+18,0.0024843403300897075
1.403715962184058e+18,0.0017102275534314779
1.403715962234058e+18,0.0021936779992793765
1.403715962284058e+18,0.0029094329579953926
1.403715962334058e+18,0.003387745745621471
1.403715962384058e+18,0.004332213657023595
1.403715962434058e+18,0.005222894325990696
1.403715962484058e+18,0.0033805323771082716
1.403715962534058e+18,0.0030610035270950023
1.403715962584058e+18,0.00332920093393693
1.403715962634058e+18,0.003310820731044039
1.403715962684058e+18,0.004901087650250098
1.403715962734058e+18,0.0042581504260486265
1.403715962784058e+18,0.003833097899376857
1.403715962834058e+18,0.003284979687629991
1.403715962884058e+18,0.008817695538433245
1.403715962934058e+18,0.0026959461948278547
1.403715962984058e+18,0.009477908302030266
1.403715963034058e+18,0.0070942940137589325
1.403715963084058e+18,0.002674284418280253
1.403715963134058e+18,0.0025666732689138077
1.403715963184058e+18,0.007898252564861045
1.403715963234058e+18,0.002261914168472352
1.403715963284058e+18,0.0024244463048577847
1.403715963334058e+18,0.014604097520983683
1.403715963384058e+18,0.012501548132529261
1.403715963434058e+18,0.0017745947317906682
1.403715963484058e+18,0.0016721812702263524
1.403715963534058e+18,0.00903303244491994
1.403715963584058e+18,0.007790550067863866
1.403715963634058e+18,0.0025450568227957486
1.403715963684058e+18,0.002812041457977733
1.403715963734058e+18,0.0025935234461985676
1.403715963784058e+18,0.0017872957911636111
1.403715963834058e+18,0.0159510114489147
1.403715963884058e+18,0.0019447099094944966
1.403715963934058e+18,0.001219472803373531
1.403715963984058e+18,0.0021554908528043483
1.403715964034058e+18,0.0019993326549657634
1.403715964084058e+18,0.015670528808177934
1.403715964134058e+18,0.007767679247350914
1.403715964184058e+18,0.00911109662856341
1.403715964234058e+18,0.01012891773581596
1.403715964284058e+18,0.012506040331513577
1.403715964334058e+18,0.009845144121542783
1.403715964384058e+18,0.008900136967560368
1.403715964434058e+18,0.00444305229188938
1.403715964484058e+18,0.004355085427857601
1.403715964534058e+18,0.0047935561567429095
1.403715964584058e+18,0.004463438320538079
1.403715964634058e+18,0.006098035032419901
1.403715964684058e+18,0.011288424443362458
1.403715964734058e+18,0.011762220769320417
1.403715964784058e+18,0.007316728111857639
1.403715964834058e+18,0.005062047363013103
1.403715964884058e+18,0.009267767192074991
1.403715964934058e+18,0.0026519107122658044
1.403715964984058e+18,0.007619253324132356
1.403715965034058e+18,0.0022172886393077356
1.403715965084058e+18,0.0018958151152190942
1.403715965134058e+18,0.018999122888496922
1.403715965184058e+18,0.003460617522205297
1.403715965234058e+18,0.0037611583838914717
1.403715965284058e+18,0.007168583688290314
1.403715965334058e+18,0.008426954235263755
1.403715965384058e+18,0.0021928928908343265
1.403715965434058e+18,0.002286679156245164
1.403715965484058e+18,0.006043096084266826
1.403715965534058e+18,0.012649732001252535
1.403715965584058e+18,0.013675965773626324
1.403715965634058e+18,0.01632649657677092
1.403715965684058e+18,0.0057888896318637395
1.403715965734058e+18,0.005604066036501401
1.403715965784058e+18,0.005604533063270162
1.403715965834058e+18,0.009270527281911252
1.403715965884058e+18,0.0037554109397304695
1.403715965934058e+18,0.007900511065102716
1.403715965984058e+18,0.007265455657719525
1.403715966034058e+18,0.01408389440531504
1.403715966084058e+18,0.014290559793754728
1.403715966134058e+18,0.007226457285037957
1.403715966184058e+18,0.002332843588849788
1.403715966234058e+18,0.005371096436281471
1.403715966284058e+18,0.00733031799253048
1.403715966334058e+18,0.006289413076513758
1.403715966384058e+18,0.006636341073050667
1.403715966434058e+18,0.00504402520556255
1.403715966484058e+18,0.005255652143203064
1.403715966534058e+18,0.005356894841877407
1.403715966584058e+18,0.004115197281908182
1.403715966634058e+18,0.005667060872226243
1.403715966684058e+18,0.005501333598713504
1.403715966734058e+18,0.0018462905955506101
1.403715966784058e+18,0.0030275393132430484
1.403715966834058e+18,0.011004688707950579
1.403715966884058e+18,0.010653217253346853
1.403715966934058e+18,0.0033711949220687583
1.403715966984058e+18,0.0036578089050715995
1.403715967034058e+18,0.0027914028069047706
1.403715967084058e+18,0.0029559216117921922
1.403715967134058e+18,0.005277088555761319
1.403715967184058e+18,0.005623032791664639
1.403715967234058e+18,0.005755896997049615
1.403715967284058e+18,0.0031002174453116874
1.403715967334058e+18,0.0015660292388312274
1.403715967384058e+18,0.00137861724181308
1.403715967434058e+18,0.0026633324801298127
1.403715967484058e+18,0.0044488629833124
1.403715967534058e+18,0.0018085221077045518
1.403715967584058e+18,0.001993988351693573
1.403715967634058e+18,0.002131360118549171
1.403715967684058e+18,0.005696375855354016
1.403715967734058e+18,0.0023621431828397313
1.403715967784058e+18,0.0020819857060252888
1.403715967834058e+18,0.001927731978902703
1.403715967884058e+18,0.0023586790604026046
1.403715967934058e+18,0.005523520852916189
1.403715967984058e+18,0.005434045286626993
1.403715968034058e+18,0.0053938713714702415
1.403715968084058e+18,0.0093273244443041
1.403715968134058e+18,0.009509034103078103
1.403715968184058e+18,0.012525040038126586
1.403715968234058e+18,0.00884897531871727
1.403715968284058e+18,0.0059702489902228335
1.403715968334058e+18,0.00293339352958198
1.403715968384058e+18,0.002670817654546622
1.403715968434058e+18,0.004798645195793397
1.403715968484058e+18,0.013033677234247955
1.403715968534058e+18,0.006866969951456443
1.403715968584058e+18,0.0075424373562042344
1.403715968634058e+18,0.008643532759626912
1.403715968684058e+18,0.01466862531270406
1.403715968734058e+18,0.010813379696668108
1.403715968784058e+18,0.0068359901741888275
1.403715968834058e+18,0.0053058145732835064
1.403715968884058e+18,0.015243601670828269
1.403715968934058e+18,0.0036119810970444365
1.403715968984058e+18,0.00843206443179071
1.403715969034058e+18,0.0010294364661581211
1.403715969084058e+18,0.001293164184230241
1.403715969134058e+18,0.001328035652693301
1.403715969184058e+18,0.005785780943921414
1.403715969234058e+18,0.0019302731903424498
1.403715969284058e+18,0.003005490360679296
1.403715969334058e+18,0.0043693644475000255
1.403715969384058e+18,0.014984910023439381
1.403715969434058e+18,0.003017626221410849
1.403715969484058e+18,0.003215062914228682
1.403715969534058e+18,0.003103903733194079
1.403715969584058e+18,0.007378563800248885
1.403715969634058e+18,0.0012205314628242856
1.403715969684058e+18,0.001112397630899114
1.403715969734058e+18,0.001149003389948503
1.403715969784058e+18,0.001776923507340415
1.403715969834058e+18,0.006233847391398325
1.403715969884058e+18,0.006353416256085357
1.403715969934058e+18,0.007721720582621403
1.403715969984058e+18,0.007960156224555606
1.403715970034058e+18,0.002318339451083328
1.403715970084058e+18,0.0051815711306697505
1.403715970134058e+18,0.001355286686955154
1.403715970184058e+18,0.0009601768927490865
1.403715970234058e+18,0.0017145864408227333
1.403715970284058e+18,0.002015145756544002
1.403715970334058e+18,0.0062798718553056364
1.403715970384058e+18,0.0070312666025072
1.403715970434058e+18,0.00730812740155008
1.403715970484058e+18,0.00998899409980389
1.403715970534058e+18,0.0021529273377230763
1.403715970584058e+18,0.016764867003947456
1.403715970634058e+18,0.0019785731119610433
1.403715970684058e+18,0.0022706383559958905
1.403715970734058e+18,0.0020036674018906785
1.403715970784058e+18,0.002442400365881013
1.403715970834058e+18,0.0009848121662769486
1.403715970884058e+18,0.0010750685542112767
1.403715970934058e+18,0.0025872910197948123
1.403715970984058e+18,0.0032302482137961876
1.403715971034058e+18,0.0035664748617757415
1.403715971084058e+18,0.013933373938620104
1.403715971134058e+18,0.002440396186047865
1.403715971184058e+18,0.002812241847266577
1.403715971234058e+18,0.007299772796650776
1.403715971284058e+18,0.005497913206778007
1.403715971334058e+18,0.004046064580605685
1.403715971384058e+18,0.005719862108183425
1.403715971434058e+18,0.006094504150623789
1.403715971484058e+18,0.003008306144998799
1.403715971534058e+18,0.0020575612310696927
1.403715971584058e+18,0.0015852817278241733
1.403715971634058e+18,0.0018582212356491518
1.403715971684058e+18,0.006357984898776819
1.403715971734058e+18,0.014835589305558505
1.403715971784058e+18,0.0062394371997112775
1.403715971834058e+18,0.006297585803092065
1.403715971884058e+18,0.005483602967958102
1.403715971934058e+18,0.003676474162124375
1.403715971984058e+18,0.0016437537798730866
1.403715972034058e+18,0.0058503119121951375
1.403715972084058e+18,0.006550047634193524
1.403715972134058e+18,0.0059352275016399045
1.403715972184058e+18,0.002947414023904751
1.403715972234058e+18,0.0032274448543497306
1.403715972284058e+18,0.010157637204342847
1.403715972334058e+18,0.00453061122986789
1.403715972384058e+18,0.002131982653991298
1.403715972434058e+18,0.004186253962116414
1.403715972484058e+18,0.002368452702672212
1.403715972534058e+18,0.006421792547367184
1.403715972584058e+18,0.004715612859132323
1.403715972634058e+18,0.004808906432972685
1.403715972684058e+18,0.00583293695117985
1.403715972734058e+18,0.006157927931634003
1.403715972784058e+18,0.01026694085838307
1.403715972834058e+18,0.00283823203288799
1.403715972884058e+18,0.0028940692923651937
1.403715972934058e+18,0.0017624825066493357
1.403715972984058e+18,0.008542741055740181
1.403715973034058e+18,0.008267115941367269
1.403715973084058e+18,0.003774659458378544
1.403715973134058e+18,0.003988241296912808
1.403715973184058e+18,0.003363420723756142
1.403715973234058e+18,0.004657161286410433
1.403715973284058e+18,0.0035063329783067768
1.403715973334058e+18,0.00358592570921549
1.403715973384058e+18,0.003600312168163111
1.403715973434058e+18,0.003619011392576027
1.403715973484058e+18,0.0032087619716897036
1.403715973534058e+18,0.002812200532244193
1.403715973584058e+18,0.003526706942809458
1.403715973634058e+18,0.0038399561127571264
1.403715973684058e+18,0.0028453040922707977
1.403715973734058e+18,0.004009642344828567
1.403715973784058e+18,0.0029168091619093495
1.403715973834058e+18,0.00311001944660185
1.403715973884058e+18,0.0031480813205110366
1.403715973934058e+18,0.0030051913838512042
1.403715973984058e+18,0.008076882098787848
1.403715974034058e+18,0.004190315062472253
1.403715974084058e+18,0.003978806804765484
1.403715974134058e+18,0.00445150187970926
1.403715974184058e+18,0.005114293088926907
1.403715974234058e+18,0.007909995730127604
1.403715974284058e+18,0.003280479594455202
1.403715974334058e+18,0.003282904978014374
1.403715974384058e+18,0.003291066168351693
1.403715974434058e+18,0.0034117126031860323
1.403715974484058e+18,0.016549935458588516
1.403715974534058e+18,0.011901796478766033
1.403715974584058e+18,0.003187277893292937
1.403715974634058e+18,0.0035579852626826092
1.403715974684058e+18,0.004266190805181393
1.403715974734058e+18,0.004773593942759833
1.403715974784058e+18,0.003669112450285759
1.403715974834058e+18,0.0037391755433509003
1.403715974884058e+18,0.0038593769243096803
1.403715974934058e+18,0.003837928871552417
1.403715974984058e+18,0.0067854182188489855
1.403715975034058e+18,0.006916025335947168
1.403715975084058e+18,0.0011486419362884174
1.403715975134058e+18,0.0015147514109536057
1.403715975184058e+18,0.0014978626037011737
1.403715975234058e+18,0.0021257336564398654
1.403715975284058e+18,0.001725184028913982
1.403715975334058e+18,0.002021895930134502
1.403715975384058e+18,0.002294454914880133
1.403715975434058e+18,0.0026830491089014866
1.403715975484058e+18,0.009787190196637598
1.403715975534058e+18,0.01004362992653589
1.403715975584058e+18,0.0040887710552792
1.403715975634058e+18,0.004445472519767294
1.403715975684058e+18,0.004812848227703486
1.403715975734058e+18,0.005705891429440257
1.403715975784058e+18,0.004867774105248979
1.403715975834058e+18,0.005130061863975832
1.403715975884058e+18,0.005532059516117657
1.403715975934058e+18,0.005627598680501889
1.403715975984058e+18,0.008257694456767387
1.403715976034058e+18,0.008088655626344707
1.403715976084058e+18,0.0010487535087191514
1.403715976134058e+18,0.0010221162601496145
1.403715976184058e+18,0.0018619508104981168
1.403715976234058e+18,0.0021687971383828487
1.403715976284058e+18,0.0015409863442335052
1.403715976334058e+18,0.0014412913465372333
1.403715976384058e+18,0.00109590911409197
1.403715976434058e+18,0.0006750185180739043
1.403715976484058e+18,0.00527890170016313
1.403715976534058e+18,0.004550766816857632
1.403715976584058e+18,0.0015417865305247917
1.403715976634058e+18,0.0026535905625490754
1.403715976684058e+18,0.0038360506514609908
1.403715976734058e+18,0.005317022655057727
1.403715976784058e+18,0.0019652621653838327
1.403715976834058e+18,0.0017734041923147064
1.403715976884058e+18,0.001385418910585178
1.403715976934058e+18,0.0010484804916103233
1.403715976984058e+18,0.006521821244656583
1.403715977034058e+18,0.011219706428019607
1.403715977084058e+18,0.0021658478296472457
1.403715977134058e+18,0.0027199398922386434
1.403715977184058e+18,0.0021772197415264836
1.403715977234058e+18,0.003381268207657881
1.403715977284058e+18,0.0057056703370125415
1.403715977334058e+18,0.0038712412352306467
1.403715977384058e+18,0.003923583459722965
1.403715977434058e+18,0.0041152625748127215
1.403715977484058e+18,0.0033247967583324082
1.403715977534058e+18,0.0069224822333017
1.403715977584058e+18,0.003889722138888312
1.403715977634058e+18,0.00422375279271473
1.403715977684058e+18,0.004921000760087001
1.403715977734058e+18,0.006083893312270894
1.403715977784058e+18,0.0031423873092508224
1.403715977834058e+18,0.003045492097686837
1.403715977884058e+18,0.0029077804145304703
1.403715977934058e+18,0.002623533561740106
1.403715977984058e+18,0.0032071551996632206
1.403715978034058e+18,0.0026749351589871483
1.403715978084058e+18,0.003992310859032756
1.403715978134058e+18,0.0038302691909040043
1.403715978184058e+18,0.003540961662629052
1.403715978234058e+18,0.008764959212462939
1.403715978284058e+18,0.004220790863528944
1.403715978334058e+18,0.003109497531431721
1.403715978384058e+18,0.0033767742264116723
1.403715978434058e+18,0.0036500810702349497
1.403715978484058e+18,0.006271838306007646
1.403715978534058e+18,0.012555111100747588
1.403715978584058e+18,0.003986937170086795
1.403715978634058e+18,0.004307429300433255
1.403715978684058e+18,0.004757706700564108
1.403715978734058e+18,0.006438093091136225
1.403715978784058e+18,0.004112563034159167
1.403715978834058e+18,0.0045315956754711706
1.403715978884058e+18,0.00477797103643906
1.403715978934058e+18,0.005002447794924168
1.403715978984058e+18,0.010923809312689147
1.403715979034058e+18,0.009546479959355375
1.403715979084058e+18,0.003927474741082577
1.403715979134058e+18,0.004017285699615967
1.403715979184058e+18,0.003978926538357543
1.403715979234058e+18,0.004010058018246981
1.403715979284058e+18,0.006095581290303524
1.403715979334058e+18,0.006755116149053649
1.403715979384058e+18,0.006652691074698196
1.403715979434058e+18,0.006637490074809421
1.403715979484058e+18,0.012170884770282234
1.403715979534058e+18,0.0031234940526275925
1.403715979584058e+18,0.005321151660827744
1.403715979634058e+18,0.005716441391498719
1.403715979684058e+18,0.005981497707356577
1.403715979734058e+18,0.006322382122832711
1.403715979784058e+18,0.0039025956770140733
1.403715979834058e+18,0.005867674646177654
1.403715979884058e+18,0.006161128585676589
1.403715979934058e+18,0.006646147156291783
1.403715979984058e+18,0.006140749294913221
1.403715980034058e+18,0.011838596337818766
1.403715980084058e+18,0.0016920383438474374
1.403715980134058e+18,0.0015298063453170671
1.403715980184058e+18,0.002068724198672921
1.403715980234058e+18,0.0034605794436247447
1.403715980284058e+18,0.020161577813155376
1.403715980334058e+18,0.0006189870906511236
1.403715980384058e+18,0.0011640104273649536
1.403715980434058e+18,0.0017947597329751857
1.403715980484058e+18,0.004147386602029146
1.403715980534058e+18,0.004328276291452239
1.403715980584058e+18,0.0019537541090836673
1.403715980634058e+18,0.001771886030082889
1.403715980684058e+18,0.0018208100255912036
1.403715980734058e+18,0.003992345029992892
1.403715980784058e+18,0.022227585989841554
1.403715980834058e+18,0.005413390175887316
1.403715980884058e+18,0.005135619076426291
1.403715980934058e+18,0.005293054333042101
1.403715980984058e+18,0.004365028792402077
1.403715981034058e+18,0.0037193797618797477
1.403715981084058e+18,0.005574468476500054
1.403715981134058e+18,0.004915110300258705
1.403715981184058e+18,0.005556291712571597
1.403715981234058e+18,0.00496504709802776
1.403715981284058e+18,0.004862675054008084
1.403715981334058e+18,0.005117366810272964
1.403715981384058e+18,0.0022988190414607946
1.403715981434058e+18,0.002991938405368698
1.403715981484058e+18,0.004118979974166075
1.403715981534058e+18,0.0023835510303746926
1.403715981584058e+18,0.0009164429393932271
1.403715981634058e+18,0.0014474549912552803
1.403715981684058e+18,0.0016048586593660676
1.403715981734058e+18,0.0015071515132136276
1.403715981784058e+18,0.002474399947651462
1.403715981834058e+18,0.0030174049728519106
1.403715981884058e+18,0.004427941837231119
1.403715981934058e+18,0.002924874339128491
1.403715981984058e+18,0.004335918365444741
1.403715982034058e+18,0.006910274905185994
1.403715982084058e+18,0.004177921671058816
1.403715982134058e+18,0.0033853951725870144
1.403715982184058e+18,0.00383004456749247
1.403715982234058e+18,0.005170278895759345
1.403715982284058e+18,0.0054522031726382
1.403715982334058e+18,0.0044894754907302105
1.403715982384058e+18,0.004635806743393752
1.403715982434058e+18,0.0028947293374583126
1.403715982484058e+18,0.001855665949949181
1.403715982534058e+18,0.0006625653361455056
1.403715982584058e+18,0.004303559181969437
1.403715982634058e+18,0.002061101330263083
1.403715982684058e+18,0.002489295306527157
1.403715982734058e+18,0.003223398333691614
1.403715982784058e+18,0.002218242086605473
1.403715982834058e+18,0.001876245378454154
1.403715982884058e+18,0.0013162362351497013
1.403715982934058e+18,0.0021022735550397737
1.403715982984058e+18,0.00249178501921284
1.403715983034058e+18,0.0027958623121384033
1.403715983084058e+18,0.0034651052119691085
1.403715983134058e+18,0.004056147541891811
1.403715983184058e+18,0.0025951155612984954
1.403715983234058e+18,0.0029341114453050915
1.403715983284058e+18,0.002703811616570284
1.403715983334058e+18,0.003021105957099648
1.403715983384058e+18,0.0024818720374203238
1.403715983434058e+18,0.003040842464097779
1.403715983484058e+18,0.002617521191504662
1.403715983534058e+18,0.004031808654132037
1.403715983584058e+18,0.001643760699121279
1.403715983634058e+18,0.004241901587523769
1.403715983684058e+18,0.0023172437134119962
1.403715983734058e+18,0.002745486649150494
1.403715983784058e+18,0.0027473847851881483
1.403715983834058e+18,0.002073224689403507
1.403715983884058e+18,0.0025897474240559808
1.403715983934058e+18,0.002303929812151324
1.403715983984058e+18,0.002261073305500793
1.403715984034058e+18,0.0011763241294742487
1.403715984084058e+18,0.0018178995190697791
1.403715984134058e+18,0.0029143324587025624
1.403715984184058e+18,0.001364872909057751
1.403715984234058e+18,0.0012815889295995529
1.403715984284058e+18,0.007833390044560047
1.403715984334058e+18,0.0032815897560118947
1.403715984384058e+18,0.002548522273928426
1.403715984434058e+18,0.0027073922429294217
1.403715984484058e+18,0.0021206455012834882
1.403715984534058e+18,0.0036117341337778466
1.403715984584058e+18,0.001789691111571667
1.403715984634058e+18,0.00214018172163062
1.403715984684058e+18,0.0028664093926209066
1.403715984734058e+18,0.0028509155281803886
1.403715984784058e+18,0.010127708750871746
1.403715984834058e+18,0.0013777229717133908
1.403715984884058e+18,0.0047997039658973
1.403715984934058e+18,0.0014351096893173688
1.403715984984058e+18,0.0042596036420898585
1.403715985034058e+18,0.0013208118007288123
1.403715985084058e+18,0.0017219683519263335
1.403715985134058e+18,0.001291589749486641
1.403715985184058e+18,0.0027534655993875353
1.403715985234058e+18,0.002562842362554266
1.403715985284058e+18,0.0017083735118668065
1.403715985334058e+18,0.0026089902528377037
1.403715985384058e+18,0.004774840697630896
1.403715985434058e+18,0.004205308204663263
1.403715985484058e+18,0.0032877934419821907
1.403715985534058e+18,0.0034407459478267184
1.403715985584058e+18,0.004657640376627422
1.403715985634058e+18,0.0013148943903660754
1.403715985684058e+18,0.0036996166088223794
1.403715985734058e+18,0.004683763222178662
1.403715985784058e+18,0.0057901916858785225
1.403715985834058e+18,0.005181739028962952
1.403715985884058e+18,0.004960016602323661
1.403715985934058e+18,0.002625325530430247
1.403715985984058e+18,0.0030567519514140867
1.403715986034058e+18,0.0024567160549519786
1.403715986084058e+18,0.004190488318353885
1.403715986134058e+18,0.005463962068611393
1.403715986184058e+18,0.003587495448672458
1.403715986234058e+18,0.003269051076706082
1.403715986284058e+18,0.0030970175505718473
1.403715986334058e+18,0.003804752582581292
1.403715986384058e+18,0.0053902793929529
1.403715986434058e+18,0.006154311148140839
1.403715986484058e+18,0.005303615419090275
1.403715986534058e+18,0.0028336754948928306
1.403715986584058e+18,0.004086274339439265
1.403715986634058e+18,0.004234101135708996
1.403715986684058e+18,0.003529312291314396
1.403715986734058e+18,0.003974811479412121
1.403715986784058e+18,0.004364165815445974
1.403715986834058e+18,0.004111625695541567
1.403715986884058e+18,0.004104061085349959
1.403715986934058e+18,0.0065962448725086446
1.403715986984058e+18,0.0075226515360799495
1.403715987034058e+18,0.0029174365370075884
1.403715987084058e+18,0.004782968530095184
1.403715987134058e+18,0.0054590321536520225
1.403715987184058e+18,0.007070930376492547
1.403715987234058e+18,0.010573032269508476
1.403715987284058e+18,0.005570281151414629
1.403715987334058e+18,0.01044711773801136
1.403715987384058e+18,0.001364809760747124
1.403715987434058e+18,0.003957131613063218
1.403715987484058e+18,0.0038675694633745344
1.403715987534058e+18,0.002294069290861551
1.403715987584058e+18,0.0022920444509767473
1.403715987634058e+18,0.0015751421322886799
1.403715987684058e+18,0.0015925891423040244
1.403715987734058e+18,0.006408687036081192
1.403715987784058e+18,0.015940193912270417
1.403715987834058e+18,0.0032912087333559375
1.403715987884058e+18,0.006479198961699348
1.403715987934058e+18,0.005573637145585483
1.403715987984058e+18,0.006078107487751128
1.403715988034058e+18,0.0036651936668559678
1.403715988084058e+18,0.00387448674439671
1.403715988134058e+18,0.005976764756453802
1.403715988184058e+18,0.005880000178152855
1.403715988234058e+18,0.005255503944602962
1.403715988284058e+18,0.01715372815454424
1.403715988334058e+18,0.004997506892838237
1.403715988384058e+18,0.004068866888408005
1.403715988434058e+18,0.009229390001999549
1.403715988484058e+18,0.006073263985932974
1.403715988534058e+18,0.0053123507414987526
1.403715988584058e+18,0.006032413511974037
1.403715988634058e+18,0.003270268574526568
1.403715988684058e+18,0.006632055621710368
1.403715988734058e+18,0.0031447357120949204
1.403715988784058e+18,0.004964720154610704
1.403715988834058e+18,0.005022932598353269
1.403715988884058e+18,0.003611934117218233
1.403715988934058e+18,0.003838003270743811
1.403715988984058e+18,0.005180318598193253
1.403715989034058e+18,0.00556387215066881
1.403715989084058e+18,0.005338430884914988
1.403715989134058e+18,0.006819897815382812
1.403715989184058e+18,0.006719654829410667
1.403715989234058e+18,0.003842034875051094
1.403715989284058e+18,0.004157453781550258
1.403715989334058e+18,0.005566283953014212
1.403715989384058e+18,0.005170182104718772
1.403715989434058e+18,0.002053186431665011
1.403715989484058e+18,0.010133100810334443
1.403715989534058e+18,0.0005526495368969986
1.403715989584058e+18,0.0004604264024036572
1.403715989634058e+18,0.003735741699300416
1.403715989684058e+18,0.003742620647909822
1.403715989734058e+18,0.003333661160105558
1.403715989784058e+18,0.006336943573582228
1.403715989834058e+18,0.0052695854299574674
1.403715989884058e+18,0.005074973132378628
1.403715989934058e+18,0.0011224979298314556
1.403715989984058e+18,0.005241901188020149
1.403715990034058e+18,0.0013593907734871485
1.403715990084058e+18,0.0036010245510855513
1.403715990134058e+18,0.0021473608028191355
1.403715990184058e+18,0.0038042607556975287
1.403715990234058e+18,0.0033969245457672903
1.403715990284058e+18,0.0023967854034569486
1.403715990334058e+18,0.0015222596635681798
1.403715990384058e+18,0.005084440507046828
1.403715990434058e+18,0.0012405502073890254
1.403715990484058e+18,0.0042585544925457216
1.403715990534058e+18,0.002053609247375919
1.403715990584058e+18,0.002932870986431505
1.403715990634058e+18,0.003402547402551289
1.403715990684058e+18,0.006513358284076313
1.403715990734058e+18,0.002838682281974405
1.403715990784058e+18,0.0028722633409924304
1.403715990834058e+18,0.0038280071739399536
1.403715990884058e+18,0.004279987254502884
1.403715990934058e+18,0.0036505868549387244
1.403715990984058e+18,0.0019012802162084999
1.403715991034058e+18,0.003160275585925972
1.403715991084058e+18,0.0016646890420800057
1.403715991134058e+18,0.002333485574147774
1.403715991184058e+18,0.001569534916703675
1.403715991234058e+18,0.000583996338819045
1.403715991284058e+18,0.0007802448306174017
1.403715991334058e+18,0.0006465870944908196
1.403715991384058e+18,0.0008178642484945048
1.403715991434058e+18,0.001159292720837303
1.403715991484058e+18,0.001269895970057927
1.403715991534058e+18,0.002210448717517946
1.403715991584058e+18,0.001198317799326994
1.403715991634058e+18,0.0012995036980198292
1.403715991684058e+18,0.00143705211394711
1.403715991734058e+18,0.0005913384037074939
1.403715991784058e+18,0.0009746135897186452
1.403715991834058e+18,0.0017759651961566972
1.403715991884058e+18,0.0005565979396427624
1.403715991934058e+18,0.00025272570726170144
1.403715991984058e+18,0.0013081279451506497
1.403715992034058e+18,0.0011128279421058814
1.403715992084058e+18,0.00033518009847277445
1.403715992134058e+18,0.0004902850460358055
1.403715992184058e+18,0.0010007415700694436
1.403715992234058e+18,0.000239705729642416
1.403715992284058e+18,0.0005360562500440613
1.403715992334058e+18,0.0010680330767547912
1.403715992384058e+18,0.0007890904796152396
1.403715992434058e+18,0.001520239969257044
1.403715992484058e+18,0.0010626195361719429
1.403715992534058e+18,0.0012662692595129114
1.403715992584058e+18,0.0012064127488669708
1.403715992634058e+18,0.000971093404875353
1.403715992684058e+18,0.0010746907916345588
1.403715992734058e+18,0.0001211864221306012
1.403715992784058e+18,0.0005113405437753395
1.403715992834058e+18,0.0011879916935113816
1.403715992884058e+18,0.0004912015728444259
1.403715992934058e+18,0.0013295607220578372
1.403715992984058e+18,0.0008127351505595614
1.403715993034058e+18,0.0010540185085436105
1.403715993084058e+18,0.0006411843279844407
1.403715993134058e+18,0.0004651178501332253
1.403715993184058e+18,0.0004490034051881238
1.403715993234058e+18,0.0003233132579958267
1.403715993284058e+18,0.0002088334752436285
1.403715993334058e+18,0.00020463760758421276
1.403715993384058e+18,0.00034435322353799875
1.403715993434058e+18,0.00037822069589705116
1.403715993484058e+18,0.0008918061550270338
1.403715894084058e+18,0.0003361097748259346
1.403715894134058e+18,0.0002785061280170862
